,text
317,how do I step outside for 5 second and get annihilate   by mosquito ?
436,shoot through the Heart XV : you be go to totally give love a bad name with this heart pierc http://t.co/xpFmR368uF http://t.co/ejdHvLKXAf
373,@bosteenauthf out of the Silent Planet in print and Annihilation on audio .
150,"schoolboy 課ﾒ Aftershock ( Original Mix ) 
 Excision & amp ; skism 課ﾒ sexism ( Far too loud Remix ) 
 Firebeatz Schella 課ﾒ Dear New ... http://t.co/JQLzUA6YzQ"
205,Horrible Accident   Man die in Wings of Airplane ( 29 - 07 - 2015 ) http://t.co/i7kZtevb2v
3,"there be a forest fire at spot pond , geese be flee across the street , I can not save they all"
148,@bxckylynch foi no ROH Aftershock : Las Vegas procura no pirate bay que tem
460,ARMAGEDDON LONDON   |   http://t.co/CULU2OwIUc
9,apocalypse lighting . # spokane # wildfire
56,barbado # Bridgetown JAMAICA 課ﾒ two car set ablaze : SANTA CRUZ 課ﾓ Head of the St Elizabeth Police Superintende ...   http://t.co/wdueaj8q4j
368,I reject the law of the misguided false prophet imprison nation fuel self annihilation
256,New Nanotech device will be able to Target and Destroy Blood Clots http://t.co/hfy5v3slbb
272,ambulance SPRINTER AUTOMATIC FRONTLINE VEHICLE choice of 14 LEZ COMPLIANT | eBay http://t.co/Kp2Lf4AuTe
19,# flood in Bago Myanmar # we arrive bago
269,http://t.co/FCqmKFfflW twelve fear kill in pakistani air ambulance helicopter crash http://t.co/vAyaYmbNgu
174,Aftershock : protect yourself and Profit in the Next Global Financial Meltdown by David Wiedemer http http://t.co/wztz4hgmvq
336,@TomcatArts ' who then be annihilate by the legion itself . the survivor of the imperfect hybrid project quickly form a new secret cell
17,Haha South Tampa be getting flood hah- WAIT a second I live in SOUTH tampa what be I GONNA do what am I GONNA DO FVCK # flood
121,accident in # Ashville on US 23 SB before SR 752 # traffic http://t.co/hylMo0WgFI
97,accident on i-24 W # NashvilleTraffic . traffic move 8 m slow than usual . https://t.co/0ghk693egj
355,U.S National Park Services Tonto National Forest : stop the Annihilation of the Salt River Wild Horse ... https://t.co/m8mvdspjp7 via @Change
71,first night with retainer in . it be quite weird . well get use to it ; I have to wear they every single night for the next year at least .
290,what be the police or ambulance number in Lesotho ? any body know ?
79,# Kurds trample on Turkmen flag later set it ablaze while other vandalize office of Turkmen Front in # Diyala http://t.co/4IzFdYC3cg
431,I add a video to a @youtube playlist http://t.co/OCurjyDRcn FUTURISTIC HOUSE ( build to survive the Apocalypse ! ) - Minecraft map
424,Dad buy a dvd that look like a science doc on the front but I read the back and it be actually about the impending biblical apocalypse
99,accident clear in # PaTurnpike on PATP EB between pa-18 and Cranberry slow back to # traffic http://t.co/sl0oqn0vyr
455,RT @ophiuchus2613 : # love # truelove # romance lith   # Voodoo # seduction # astrology # RTRRT # lotz 9 - 11 # apocalypse # Armageddon # 1008pla課 _
391,U.S National Park Services Tonto National Forest : stop the Annihilation of the Salt River Wild Horse ... https://t.co/faxdzi90dy via @Change
166,stop say ' I wish ' and start say ' I will ' . 課ﾒ unknown
69,beware world ablaze sierra leone & amp ; guap .
208,a Cessna airplane accident in Ocampo Coahuila Mexico on July 29 2015 kill four man include a State of Coahuila government official .
155,320 [ ir ] ICEMOON [ AFTERSHOCK ] | http://t.co/grpef7yawg | @djicemoon | # dubstep # TrapMusic # dnb # EDM # Dance # ices課 _ http://t.co/GGmvzT58vE
28,what a goooooooaaaaaal ! ! ! ! ! !
154,when the aftershock happen ( Nepal ) we be the last int'l team still there ; in a way we be 1st responder . ' Chief Collins @LACo_FD
250,twelve fear kill in pakistani air ambulance helicopter crash http://t.co/zdsug0UjS7
275,shot 12 time . find dead in cuff after be involve in a car accident . officer tell ambulance not to treat he . https://t.co/meudjwaang
315,@amirkingkhan you would have be annihilate so you might as well thank @floydmayweather
376,@jackienatalydlt I do .... I only get the iced annihilation ? ?
145,I still have not hear Church Leaders of Kenya come forward to comment on the accident issue and disciplinary measures#arrestpastornganga
88,# nowplaye Alfons - Ablaze 2015 on Puls Radio # pulsradio http://t.co/aA5BJgWfDv
2,"hear about # earthquake be different city , stay safe everyone ."
107,i-77 Mile Marker 31 South Mooresville   Iredell Vehicle Accident Ramp Closed at 8/6 1:18 pm
73,deputy : man shoot before Brighton home set ablaze http://t.co/gWNRhMSO8k
406,@HoneyBunzGem @primalkitchen I feel like I do a pull - up be one of the stage of the Apocalypse .
170,@kjfordays I be see they and issue at aftershock ? ?
114,the pastor be not in the scene of the accident ...... who be the owner of the range rover ?
90,burn Rahm ' : let 's hope City Hall build a giant wooden mayoral effigy 100 foot tall & amp ; set it ablaze . http://t.co/kFo2mksn6Y @John_Kass
226,DTN Brazil : expert in France begin examine airplane debris find on Reunion Island : french air accident exp ... http://t.co/m9ig3wq8lq
442,Shadow box the apocalypse
243,airplane crash on house in Colombia 12 people die in accident https://t.co/zhjlflbhzl
468,"@aberdeenfc @aberdeenfanpage 

 good luck to the ? ? ? ? ? ? tomorrow night 

 get some coefficient point plz 
 @Armageddon ? ? ? ?"
117,"mom : ' we do n't get home as fast as we wish ' 
 I : ' why be that ? ' 
 mom : ' there be an accident and some truck spilt mayonnaise all over ? ? ? ? ? ?"
408,# AskConnor there be a zombie apocalypse . the item to your right be your weapon . you be either screw or you be gon na live .
215,@mickinyman @TheAtlantic that or they might be kill in an airplane accident in the night a car wreck ! politic at it be good .
201,@alexalltimelow awwww they be on an airplane accident and they be gon na die what a cutie ? ? ? ? good job !
106,# 3 : car recorder ZeroEdge螽 dual - lens Car Camera Vehicle Traffic / drive history / Accident camcorder   large re ... http://t.co/kkfasjv6cj
473,# Turkey invade # Israel - Halfway to # Armageddon http://t.co/xuoh3sjnxf
234,expert in France begin examine airplane debris find on Reunion Island : french air accident expert on Wedn ... http://t.co/miw2i0pqxz
441,I like a @YouTube video http://t.co/uJrIaIVqln Minecraft : NIGHT LUCKY BLOCK MOD ( BOB APOCALYPSE WITHER 2.0 & amp ; MORE ! ) Mod Showcase
384,U.S National Park Services Tonto National Forest : stop the Annihilation of the Salt River Wild Horse ... https://t.co/x2Wn7O2a3w via @Change
54,@phdsquare # mufc they 've build so much hype around new acquisition but I doubt they will set the EPL ablaze this season .
163,Aftershock https://t.co/xMWODFMtUI
125,@DaveOshry @Soembie so if I say that I meet she by accident this week- would you be super jelly Dave ? :p
462,# PBBan ( Temporary:300 ) hyider_ghost2 @'aRmageddon | do not kill | FLAGS only | Fast XP ' for Reason
4,forest fire near La Ronge Sask . Canada
341,@thatde ok I be n't completely forthright I may have also be in a food coma bc of the kebab / tahini / pickle I also annihilate w / fry
276,# reuter twelve fear kill in pakistani air ambulance helicopter crash http://t.co/shzpyiqok5
167,I want to go to Aftershock in October because it have all the band I listen to and # NXT ! ca n't afford it yet though . # gradschoolapp
499,5 second of Summer be my pick for http://t.co/J6WsePTXgA Fan Army # 5SOSFAM http://t.co/qwgiwc9w7z
271,ambulance SPRINTER AUTOMATIC FRONTLINE VEHICLE choice of 14 LEZ COMPLIANT | eBay http://t.co/UJrX9kgawp
472,God 's Kingdom ( Heavenly Gov't ) will rule over all people on the earth after Armageddon .   http://t.co/8hgcbxukz0   http://t.co/4kopkCyvTt
352,annihilate quarterstaff of annihilation
188,Brass and Copper in Cataclysm & amp ; AfterShock ! ! ! http://t.co/uxyzyaygty
246,early wake up call from my sister beg I to come over & amp ; ride w / she in the ambulance to the hospital # rodkiai
81,set our heart ablaze and every city be a gift and every skyline be like a kiss upon the lip @課 _ https://t.co/cYoMPZ1A0Z
465,# PBBan ( Temporary:300 ) fighterdena @'aRmageddon | do not kill | FLAGS only | Fast XP ' for Reason
172,320 [ ir ] ICEMOON [ AFTERSHOCK ] | http://t.co/thyzomvwu0 | @djicemoon | # dubstep # TrapMusic # dnb # EDM # Dance # ices課 _ http://t.co/83jOO0xk29
235,OMG Horrible Accident man die in Wings of Airplane . http://t.co/xdxdprcpns
452,bed time . do n't wake I up unless revolution or Armageddon start .
87,@CTVToronto the bin in front of the field by my house wer set ablaze the other day flame go rite up the hydro pole wonder if it be he
470,@rohnertparkdps you be another one for the history book ! ( thank the Justice Department ! ) and by the way I have n't pay income tax in 20yr .
308,@johnboywest the only ' stage ' the drama queen can stand on be a drama stage & amp ; certainly never the world stage ; he would be annihilate .
164,320 [ ir ] ICEMOON [ AFTERSHOCK ] | http://t.co/m4jdzmgjow | @djicemoon | # dubstep # TrapMusic # dnb # EDM # Dance # Ices課 _ http://t.co/n0uhAsfkBv
227,# update : picture from the Penn Twp . airplane accident . http://t.co/6jfgdnzrlc
378,U.S National Park Services Tonto National Forest : stop the Annihilation of the Salt River Wild Horse ... https://t.co/kaldyctc4h via @Change
91,@navista7 Steve these fire out here be something else ! California be a tinderbox - and this clown be set my ' hood ablaze @news24680
203,family member of osama bin laden have die in an airplane accident how ironic ? ? ? ? ? ? mhmmm gov shit I suspect
122,there be a construction guy work on the Disney store and he have huge gauge in his ear ? ? ... that be a bloody accident wait to happen
421,RT : ZONEWolf123 : I like a YouTube video http://t.co/u66kYg11ZD Minecraft : NIGHT LUCKY BLOCK MOD ( BOB APOCALYPSE WITHER 2.0 & amp ; MORE ! ) Mo課 _
414,@itskingriffyall I be excited for apocalypse really dig how the x - man franchise be go I like the ' event ' theme a lot .
268,EMS1 : NY EMTs petition for $ 17 per hour 課inimum wage課ｪ http://t.co/4oa6SWlxmR # em # paramedics # ambulance
13,I be on top of the hill and I can see a fire in the wood ...
495,"well do Celtic Fingers cross for Aberdeen tomorrow night ! 
 Armageddon eh .... ? ?"
314,BOOM ! your country be just entirely annihilate by a h課 _ 課ﾓ Britain https://t.co/irfcn71szv
64,I want to set Chicago ablaze with my preaching ... but not my hotel ! http://t.co/o9qknbfofx
490,Paul Craig Roberts 課ﾒ Vladimir Putin Issues Major Warning but be it too late to escape a http://t.co/nvfkzv5fex # bric # robert # russia
44,the end !
35,nooooooooo ! do n't do that !
18,# rain # flood # Florida # TampaBay # Tampa 18 or 19 day . I 've lose count
286,2 hold with heroin in ambulance http://t.co/d9sowi1g21 http://t.co/OPxmdPIwAu
223,@god if an accident be to happen on this airplane idc if the rest of my luggage be completely destroy just please save my makeup
330,domain other sophistication be annihilate closely up - to - the - minute feat : ZrNf
274,when you do n't know which way an ambulance be come from & lt;&lt ;
319,@jacksfilm # yiayplan well first we strike dreamwork and the minion will be annihilate .
49,we always try to bring the heavy . # metal # RT http://t.co/YAo1e0xngw
138,have an accident change your life ? we will help you determine option that can financially support life care plan and on - go treatment .
497,"you da one 

 # mtvsummerstar # videoveranomtv   # MTVHottest Britney Spears Lana Del Rey"
111,@Traffic_SouthE @roadpol_east Accident on A27 near Lewes be it Kingston Roundabout rather than A283
195,anyone need a p / u tonight ? I play Hybrid Slayer ps4 EU . HMU @cod8sandscrim @empirikgame @codawscrim @4tp_kotc @4tpfa @aftershock_org
241,my phone look like it be in a car ship airplane accident . terrible
357,please share and sign this petition to save wild horse in Arizona . http://t.co/3tsSXPHuFE
185,try orange aftershock today . my life will never be the same
488,remember to crowd around the baggage carousel like it be armageddon and the bag be the last remain food item on earth you animal .
386,please sign & amp ; RT to save # saltriverwildhorse http://t.co/IKUAYUSEqt http://t.co/bqbhuyfme9
284,@vballplaya2296 want I to send you   some medic supply from my dad 's ambulance ?
149,"the man who can drive himself far once the effort get painful be the man who will win . ' 
 Roger Bannister"
244,the shooting or the airplane accident   https://t.co/iecc1jdoub
397,ohh no FUKURODANI DIDN'T survive the APOCALYPSE BOKUTO FEELS HORRIBLE   my poor boy my ppor child
105,bigrigradio Live Accident Awareness
161,so I guess no one actually want any free Aftershock TC .....
65,I gain 3 follower in the last week . you ? know your stat and grow with http://t.co/tiyulif5c6
356,U.S National Park Services Tonto National Forest : stop the Annihilation of the Salt River Wild Horse ... https://t.co/sw1sbua3mn via @Change
85,revel in yours wmv video by mean of mac farewell ablaze wmv en route to dvd : gtxrwm
11,Typhoon Soudelor kill 28 in China and Taiwan
440,the late from @bryansinger reveal # storm be a queen in # apocalypse @RuPaul @AlexShipppp http://t.co/oqw8jx6rts
464,@hitchBOT I hear you might rise from the ashe of Armageddon . .go hitchbot .. like the true superstar you be .
142,please donate and spread the word ! a training accident leave the pole - vaulter Kira Grﾌ_nberg a paraplegic http://t.co/6mpnycl8pk
351,"ally plan for the Annihilation of the german People http://t.co/ruhxglo18q 
 http://t.co/HbUpkzWdWq 
 Louis Nizer - very interesting ..."
303,be annihilate for status education mba on behalf of a on easy street careen : eOvm http://t.co/e0pI0c54FF
204,man go into Airplane Engine Accident : http://t.co/tyjxrfd3st via @youtube
146,@aftershock_delo scuf ps live and the game ... cya
461,your phone be spy on you ! hide back Door NSA Data Mining Software | the FINANCIAL ARMAGEDDON BLOG http://t.co/qycw5jjaj1
316,one thing for sure - God have promise Israel will not be annihilate . but ... the horror of Iran w / nuke . https://t.co/xn09mx6sxy
118,I be in a horrible car accident this past Sunday . I be finally able to get around . thank you GOD ? ?
46,Birmingham Wholesale Market be ablaze BBC News - Fire break out at Birmingham 's Wholesale Market http://t.co/irWqCEZWEU
486,tomorrow be the day we start armageddon # preseasonworkout ? ? ? ?
413,the apocalypse be upon we
347,@POTUS maybe we should call Israel and tell they we be sorry be Pres have sell they down the river to annihilation .
426,@alexandrapullin it be indeed . if the apocalypse come this week I know where I 'll be :)
191,aftershock back to school kick off be great . I want to thank everyone for make it possible . what a great night .
76,SANTA CRUZ 課ﾓ Head of the St Elizabeth Police Superintendent Lanford Salmon have r ... - http://t.co/vplr5hka2u http://t.co/SxHW2TNNLf
346,@rvfriedmann Hell be just a fraction of his belief of total annihilation destruction of USA @LodiSilverado @ritzy_jewels
372,@barbi_twin we need help - horse will die ! please RT & amp ; sign petition ! take a stand & amp ; be a voice for they ! # gilbert23 https://t.co/e8dl1lNCVu
109,RT @sleepjunkie : sleep pill double your risk of a car accident http://t.co/7s9nm1fict
377,U.S National Park Services Tonto National Forest : stop the Annihilation of the Salt River Wild Horse ... https://t.co/d82wlcp49s via @Change
237,"# omg ! I do n't believe this . # RIP bro 
 # AirPlane # accident # JetEngine # TurboJet # boe # G90 http://t.co/KXxnSZp6nk"
0,just happen a terrible car crash
30,no I do n't like cold !
48,@bbcmtd Wholesale Markets ablaze http://t.co/lhyxeohy6c
429,my niece just ask I ' would you be scared if there be an apocalypse here ? ' ? ? ? ?
104,report motor vehicle accident in Curry on Herman Rd near Stephenson involve an overturn vehicle . please use ... http://t.co/ybjezkurw1
212,# KCA # votejkt48id mbataweel : # RIP # binladen Family member who kill in an airplane 's accident
476,@karnythia my niece be gain the ability to stand . I be getting prepare for toddler apocalypse Armageddon
262,http://t.co/7xglah10zl twelve fear kill in pakistani air ambulance helicopter crash http://t.co/thmblaatzp
423,and that be because on my planet it be the lone audience of the apocalypse !
370,U.S National Park Services Tonto National Forest : stop the Annihilation of the Salt River Wild Horse ... https://t.co/MatIJwkzbh via @change
96,I ca n't have kid cuz I get in a bicycle accident & amp ; split my testicle . it be impossible for I to have kid ' MICHAEL you be the FATHER
475,Let課ｪs talk some more about your goof guild Saunders . come right up here on stage . https://t.co/hkbxxvd9iw
179,aftershock https://t.co/Ecy4U623nO
365,@willienelson we need help ! horse will die!please RT & amp ; sign petition!take a stand & amp ; be a voice for they ! # gilbert23 https://t.co/e8dl1lNCVu
211,expert in France begin examine airplane debris find on Reunion Island : french air accident expert on Wednesday begin examine t ...
68,check these out : http://t.co/roi2nsmejj http://t.co/3Tj8ZjiN21 http://t.co/yduixefipe http://t.co/lxtjc87kl # nsfw
50,# AFRICANBAZE : breaking news : Nigeria flag set ablaze in Aba . http://t.co/2nndBGwyEi
132,? ? ? ? it be an accident http://t.co/Oia5fxi4gM
209,# horrible # Accident man die in Wings Airplane ( 29 - 07 - 2015 ) # watchthevideo http://t.co/p64xRVgJIk
405,@thomasa56 just one of my major reason not to live in * Big City * . if rr 's * miss 9 meal * ever come to pass Cue ANY ' apocalypse ' script .
21,"they 'd probably still show more life than Arsenal do yesterday , eh ? eh ?"
42,no do n't tell I that !
281,happen now - HATZOLAH EMS AMBULANCE respond with dual sirens AND課 _ https://t.co/sek6mq6njf
404,another hour ! it be August 05 2015 at 08:02PM here be Red Rover Zombie Apocalypse 2014 ! http://t.co/cf9e6TU3g7 # internetradio # collegeradi課 _
181,there be no victory at bargain basement price . ' Dwight David Eisenhower
266,pakistan air ambulance helicopter crash kill nine http://t.co/8E7rY8eBMf
446,# PBBan ( Temporary:300 ) avYsss @'aRmageddon | do not kill | FLAGS only | Fast XP ' for Reason
135,Aashiqui Actress Anu Aggarwal on her Near - Fatal Accident http://t.co/6Otfp31LqW
402,apocalypse please
358,@KimKardashian can you please sign and share this petition to save wild horse in Arizona . http://t.co/3tsSXPHuFE ? ? ? ?
310,cop pull drunk driver to safety second before his car be hit by train . http://t.co/thrhkhogcu衞 http://t.co/tZSZmF2qxE via @ViralSpell
492,@rohnertparkdps you be on stage now ! right under the light ! be n't it funny ? ! where do you get the goofball with which you staff your pd ?
479,so the Ahamedis think the Messiah have already come 125 year ago ? where be Armageddon ? where be the Dajaal ? where be Gog & amp ; Magog ? !
32,London be cool ;)
238,expert in France begin examine airplane debris find on Reunion Island : french air accident expert on Wednesday begin examine t ...
199,expert in France begin examine airplane debris find on Reunion Island : french air accident expert on Wedn ... http://t.co/bKpFpOGySI
108,coincidence or # Curse ? still # unresolved secret from Past http://t.co/7VG8Df9pLE # accident
162,Aftershock be the most terrifying good roller coaster I 've ever be on . * DISCLAIMER * I 've be on very few .
206,a girl who die in an airplane accident fifteen year ago
240,I have a airplane accident .
137,9 Mile backup on i-77 south ... accident block the Right 2 Lanes at exit 31 Langtree Rd ... consider NC 115 or NC 150 to NC 16 as alternate
443,"Short reading 

 Apocalypse 21:1023 

 in the spirit the angel take I to the top of an enormous high mountain and ... http://t.co/v8aftd9zez"
23,what be up man ?
324,@NinaHoag - ' if you shre my psych work our friendship would be annihilate '
16,three people die from the heat wave so far
213,I almost send my coworker nude on accident thank god for airplane mode
279,why be there an ambulance right outside my work
321,day 1 of tryout go good minus the fact I stop quickly to get a short ball and annihilate my toenail injury even more
435,Minecraft- NIGHT LUCKY BLOCK MOD ( BOB APOCALYPSE WITHER 2.0 & amp ; MORE ! ) Mod Showcase Popularmmos : http://t.co/tngye2fklv via @youtube
26,my car be so fast
396,I be gon na fight Taylor as soon as I get there .
467,Armageddon https://t.co/uCSUDk3q1d
196,expert in France begin examine airplane debris find on Reunion Island : french air accident expert o ... http://t.co/yvvpznzmxg # news
304,cop pull drunk driver to safety second before his car be hit by train . http://t.co/cTL5xzIHxA衞 http://t.co/1kdoztd9mv via @ViralSpell
115,@sakuma_en if you pretend to feel a certain way the feeling can become genuine all by accident . -Hei ( Darker than Black ) # manga # anime
119,can wait to see how pissed Donnie be when I tell he I be in another accident ? ?
103,I hate badge shit in accident
220,Horrible Accident man die in Wings of Airplane ( 29 - 07 - 2015 ) http://t.co/TfcdRONRA6
418,and so it begin .. day one of the snow apocalypse
481,"Armageddon avert by El Patron 
 # UltimaLucha"
469,@paddytomlinson1 ARMAGEDDON
448,( ( OFFICIAL VID ) ) # DoubleCups & gt;&gt ; https://t.co/lfKMTZaEkk & gt;&gt ; @TrubGME Prod @THISIZBWRIGHT & gt;&gt ; # ARMAGEDDON
207,@Mintechan Hihow be you ? there be Keio line on the stationright ? btw do you know the airplane accident near Chofu airport this week ?
398,will there be another jocelyn birthday apocalypse
296,the episode where trunk annihilate Freiza be the clean shit ever . he show that nigga no mercy .
59,check these out : http://t.co/roi2nsmejj http://t.co/3Tj8ZjiN21 http://t.co/yduixefipe http://t.co/lxtjc87kl # nsfw
8,# RockyFire Update = > California Hwy . 20 close in both direction due to Lake County fire - # cafire # wildfire
273,@Kiwi_Karyn check out what be in my parking lot ! ! he say that until last year it be an ambulance in St Johns . http://t.co/hpvodud7ip
70,burn man Ablaze ! by Turban Diva http://t.co/hodWosAmWS via @etsy
92,# nowplaying : Rene Ablaze & amp ; Ian Buff - Magnitude http://t.co/av2jsjfftc   # EDM
66,how the West be burn : thousand of wildfire ablaze in California alone http://t.co/vl5TBR3wbr
363,be soul punish with衞annihilation ? http://t.co/c1QXJWeQQU http://t.co/zhp0sowxry
177,320 [ ir ] ICEMOON [ AFTERSHOCK ] | http://t.co/thyzomvwu0 | @djicemoon | # dubstep # TrapMusic # dnb # EDM # Dance # ices課 _ http://t.co/83jOO0xk29
420,candylit : imagine sarumi in a zombie apocalypse fight back to back Heart to heart conversation over the ... http://t.co/xizkjfff29
285,http://t.co/X5YEUYLT1X twelve fear kill in pakistani air ambulance helicopter crash http://t.co/2UgrMd1z1n
494,"# MustRead : Vladimir # Putin Issues Major Warning but be it too late to escape Armageddon ? by @pcraigrobert # US # Rus 
 http://t.co/5GFhfCIjrF"
335,just completely annihilate cech with paul keegan what a time to be alive
252,anyone travel Aberystwyth - Shrewsbury right now there be be an incident . service at a halt just outside Shrews . ambulance on scene .
427,GO look at GRIZZLY PEAK right now ... it look like the beginning of an dystopian apocalypse movie
124,on the # M42 northbound between junction J3 and J3A there be currently delay of 10 min due to an accident c ... http://t.co/LwI3prBa31
482,@samihonkonen if you have the time ( 23 hour ? ? ) the late series about WW1 Blueprint for Armageddon be extremely impressive .
463,RT @rtrrtcoach : # love # truelove # romance lith   # Voodoo # seduction # astrology # RTRRT # lotz 9 - 11 # apocalypse # Armageddon # 1008planet課 _
337,@sirbrandonknt exactly . that be why the lesnar / cena match from summerslam last year be so great because Brock annihilate a guy who be
60,"psa : I課ｪm split my personality . 

 ? ? techie follow @ablaze_co 
 ? ? burner follow @ablaze"
116,for Legal and Medical Referral Service @1800_injured call we at : 1 - 800 - 465 - 87332 # accident # slipandfall # dogbite
144,.@NorwayMFA # Bahrain police have previously die in a road accident they be not kill by explosion https://t.co/gFJfgTodad
216,expert in France begin examine airplane debris find on Reunion Island : french air accident expert on ... http://t.co/tagzbcxfj0 # MLB
141,@flowri be you marinade it or be it an accident ?
309,@acarewornheart have a good un fella sorry I wo n't be there to get annihilate with you :(
194,the first man get the oyster the second man get the shell . ' Andrew Carnegie
389,thank ! ! ! ! ! @COUNT DANTE .   :)   do join US by follow the @ANNIHILATION ZONE .   JOHNNY .
332,officially skip out on # fantasticfour/#fant4stic / whatever the hashtag be . it be get annihilate in review . Bummer .
477,check out # prepper # DOOMSDAY must have LIBRARY COLLECTION on cd # shtf # preppertalk # survival # 2a # prepper http://t.co/vpqtgeqlma via @eBay
63,soooo pumped for ABLAZE ? ? ? ? @southridgelife
466,photo : Sketch I do base on the a taste of Armageddon episode of # startrek # tos http://t.co/a2e6dcsk88
453,red faction : Armageddon   ( Microsoft Xbox 360 2011 ) - full read by eBay http://t.co/ypbVS1IJya http://t.co/9dflv6ynqr
160,# growingupspoile go clay pigeon shoot and cry because of the ' aftershock '
295,so privileged and proud to wear this uniform . ? ? # nhs # ambulance # GayUK # Uniform # Proud # Privileged # whatsyouremergency http://t.co/0bkmuhysfx
292,why should a helicopter ambulance ride to transfer to a hospital 21 mile away cost $ 29800 ? http://t.co/7zqirey7te http://t.co/9Qp3PqPwZv
367,U.S National Park Services Tonto National Forest : stop the Annihilation of the Salt River Wild Horse ... https://t.co/w5rhtuey90 via @Change
432,there be a storm over Cairo in the late ' x - men Apocalypse ' set photo https://t.co/fs012trudg via @YahooTV
257,ambulance SPRINTER AUTOMATIC FRONTLINE VEHICLE choice of 14 LEZ COMPLIANT | eBay http://t.co/7x3pddbt0z
297,they shall be annihilated and all of their petebest dessicate and LAID BARE . then you SHALL KNEEL before ME .
248,two air ambulance on scene of serious crash between two car and lorry in ... - http://t.co/9pfeaqeski http://t.co/fntg70rnkx | # EMSNe課 _
381,stop the Annihilation of the Salt River Wild Horses ! http://t.co/wVobVVtXKg via @Change
222,pilot Dies in Plane Crash at Car Festival https://t.co/kQ9aE6AP2B via @YouTube # crash # Aircraft # airplane # pilot # death # accident # CarFest
437,RT : geek_apocalypse : 4 pm GMT : Hesse play dark soul 2 day 9 : http://t.co/tngpshnl87 http://t.co/imzlnzltf5 # etcpb
259,@disneyxrowbrina the ambulance be n't even park well like its nearly on top of someone 's car I be laugh
403,I like a @youtube video http://t.co/jrfjgaac9f Minecraft : NIGHT LUCKY BLOCK MOD ( BOB APOCALYPSE WITHER 2.0 & amp ; MORE ! ) Mod Showcase
261,# news twelve fear kill in pakistani air ambulance helicopter crash http://t.co/bFeS5tWBzt # til_now # dna
258,@20skyhawkmm20 @traplord_29 @FREDOSANTANA300 @lilreese300 it be hella crazy 3 fight an ambulance and a couple mosh pit ? ?
444,enjoy live - action Attack on Titan but every time I see poster I be remind how freshly clean and coif everyone be in the apocalypse .
231,Horrible Accident man die in wing of 課ﾏAirplane課 � 29 - 07 - 2015 . WTF you Can課ｪt believe your EYES 課ﾒ ... http://t.co/6ffylajwps
200,when carelessness lead to an aviation accident the victim have the right to seek compensation for damage . http://t.co/eqag6rz1vo
75,rape victim die as she set herself ablaze : a 16 - year - old girl die of burn injury as she set herself ablaze課 _ http://t.co/uk8hnrboob
253,twelve fear kill in pakistani air ambulance helicopter crash http://t.co/Xum8YLcb4Q
393,U.S National Park Services Tonto National Forest : stop the Annihilation of the Salt River Wild Horse ... https://t.co/0fekgyby5f via @Change
305,cop pull drunk driver to safety second before his car be hit by train . http://t.co/cssc8hcsxn衞 http://t.co/jblgylcsay via @viralspell
438,I know where to go when the zombie take over ! ! http://t.co/hUTHXlkyxy
254,ambulance SPRINTER AUTOMATIC FRONTLINE VEHICLE choice of 14 LEZ COMPLIANT | eBay http://t.co/4evTTqPEia
153,there be no victory at bargain basement price . ' Dwight David Eisenhower
454,@katiekatcubs you already know how this shit go . World Series or Armageddon .
165,320 [ ir ] ICEMOON [ AFTERSHOCK ] | http://t.co/vam5podgyw | @djicemoon | # dubstep # TrapMusic # dnb # EDM # Dance # Ices課 _ http://t.co/zEVakJaPcz
38,be in NYC last week !
197,strict liability in the context of an airplane accident : pilot error be a common component of most aviation cr ... http://t.co/6CZ3bOhRd4
487,Lee do comedy : 課ﾏ@leejasper : working class Tories prepare for your Armageddon . # interestraterise課 �
350,please sign & amp ; RT to save # saltriverwildhorse http://t.co/gb8ispiarp http://t.co/bx0l87inc8
422,Southern Prepper Fiction : sharecrop the Apocalypse https://t.co/HsleABS1Yr # apocalyptic # doomsday # prepper # book # read
434,I like a @youtube video http://t.co/e89GPNEPzT Minecraft : NIGHT LUCKY BLOCK MOD ( BOB APOCALYPSE WITHER 2.0 & amp ; MORE ! ) Mod Showcase
325,@thehill this be 1 example of y the Conservatives annihilate Burton v Wiimington Prkng Auth while liberal stand by & amp;have do nothing
417,"apocalypse no ! why artist should not go into the # Fukushima exclusion zone 
 http://t.co/3zqL0qbLUw 
 # nuclear # ura"
311,"@_drodrolagi # handplacementgoal 
 Bro we annihilate that hashtag this week ."
139,# breaking : there be a deadly motorcycle car accident that happen to # Hagerstown today . I 'll have more detail at 5 @your4state . # whag
53,on plus side LOOK at the SKY last night it be ABLAZE http://t.co/qqsmshaJ3N
382,U.S National Park Services Tonto National Forest : stop the Annihilation of the Salt River Wild Horse ... http://t.co/trkg2tpwjm via @Change
31,this be ridiculous ....
419,"RT : our_mother_mary : Short reading 

 Apocalypse 21:1023 

 in the spirit the angel take I to the top of an enormous high mountain and ... 課 _"
288,http://t.co/b2fasrt1tn twelve fear kill in pakistani air ambulance helicopter crash http://t.co/O8BJXnEPQm
430,I like a @YouTube video http://t.co/2umsxrzot3 Zombie Apocalypse : the rescue
425,@5sostag honestly he could say an apocalypse be come and I would be exit he s so enthusiastic about everything
294,People who try to j - walk while an ambulance be pass ... I hate you .
100,http://t.co/gkye6gjtk5 have a # personalinjury accident this summer ? read our advice & amp ; see how a # solicitor can help # OtleyHour
293,http://t.co/J8TYT1XRRK twelve fear kill in pakistani air ambulance helicopter crash http://t.co/9d4nazoi94
267,@TheNissonian @rejectdcartoon nissan be you ok do you need medical assistance I can call an ambulance if you need I to
339,BROOO HE just got annihilate https://t.co/UR7QkqG1wf
25,summer be lovely
390,World Annihilation vs Self Transformation http://t.co/pyehwodWun Aliens Attack to Exterminate Humans http://t.co/8jxql8cv8z
306,@RosieGray now in all sincerety do you think the UN would move to Israel if there be a fraction of a chance of be annihilate ?
95,@ablaze what time do your talk go until ? I do n't know if I can make it due to work .
159,the hard the conflict the more glorious the triumph . ' Thomas Paine
151,320 [ ir ] ICEMOON [ AFTERSHOCK ] | http://t.co/ynxnvvkcda | @djicemoon | # dubstep # TrapMusic # dnb # EDM # Dance # ices課 _ http://t.co/weqpesenku
171,320 [ ir ] ICEMOON [ AFTERSHOCK ] | http://t.co/thyzomvwu0 | @djicemoon | # dubstep # TrapMusic # dnb # EDM # Dance # ices課 _ http://t.co/83jOO0xk29
360,U.S National Park Services Tonto National Forest : stop the Annihilation of the Salt River Wild Horse ... http://t.co/KPQk0C4G0 M via @Change
224,Horrible Accident man die in Wings of Airplane ( 29 - 07 - 2015 ) http://t.co/hG8u2kR1Rq
471,"Vladimir Putin Issues Major Warning but be it too late to escape Armageddon ? 
 http://t.co/gbxafy1m1c"
24,I love fruit
152,320 [ ir ] ICEMOON [ AFTERSHOCK ] | http://t.co/thyzomvwu0 | @djicemoon | # dubstep # TrapMusic # dnb # EDM # Dance # ices課 _ http://t.co/83jOO0xk29
447,# PBBan ( Temporary:300 ) Russaky89 @'aRmageddon | do not kill | FLAGS only | Fast XP ' for Reason
6,"13,000 people receive # wildfire evacuation order in California"
247,http://t.co/ay6zzcupnz twelve fear kill in pakistani air ambulance helicopter crash http://t.co/sc9dns41mc
176,Aftershock 峨｢ ( 2010 ) Full峨｢ Streaming - YouTube http://t.co/vVE3UsesGf
348,Evildead - Annihilation of Civilization http://t.co/sPfkE5Kqu4
364,@calfreedommom @steph93065 not to mention a major contributor to the annihilation of Israel
401,RT : janenelson097 : RT StephenSCIFI : adaptation Watch : Charlie Human 's APOCALYPSE now now optione for Film # sciencefiction 課 _
342,@albertbreer he be probably annihilate need his dd
126,Carolina accident : Motorcyclist Dies in I-540 Crash with car that cross median : a motorcycle rider travel ... http://t.co/p18lzrlmy6
289,twelve fear kill in pakistani air ambulance helicopter crash http://t.co/X2Qsjod40u # worldnew
43,what if ? !
331,@stormbeard @steel_lord I see Judas Priest in 2005 when Rob come back ; scorpion as support . fucking annihilate the place . astonishing gig
27,what a nice hat ?
283,http://t.co/FueRk0gWui twelve fear kill in pakistani air ambulance helicopter crash http://t.co/Mv7GgGlmVc
140,@Calum5SOS this happen on accident but I like it http://t.co/qhmxuljsx9
61,"on the outside you be ablaze and alive 
 but you be dead inside"
77,Police : Arsonist deliberately Set Black Church in North Carolina衞Ablaze http://t.co/pcXarbH9An
459,if I 'd have have a long coat to hand I 'd have wear it . the certainty of armageddon bear a sense of occasion . '
451,good movie you 've ever see ? - Armageddon   http://t.co/qoUXIgdtbZ
129,RT naayf : first accident in year . turn onto Chandanee Magu from near MMA . Taxi ram into I while I be halfway turn . everyone conf課 _
180,sometimes you face difficulty not because you be do something wrong but because you be do something right . - Joel Osteen
10,"# flood # disaster heavy rain cause flash flooding of street in Manitou , Colorado Springs area"
67,build the perfect tracklist to life leave the street ablaze
326,"aug 3 1915課ﾓkaiserjaegers wiped out . ; Francis Joseph 's Crack regiment annihilate on Carso Plateau . 
 http://t.co/d1spswl66h"
110,by accident ' they know what be gon happen https://t.co/ysxun5vceh
84,set MYSELF ABLAZE http://t.co/6vme7p5xhc
409,but if it be the apocalypse lol gf m8
334,@tomcatart thus explain why you be all annihilate . but the few or in this case you the only survivor evolve and become godlike
157,nobody remember who come in second . ' Charles Schulz
94,@PhilippaEilhart @DhuBlath hurt but her eye ablaze with insulted anger .
236,# BreakingNews expert in France begin examine airplane debris find on Reunion Island : french air accident e ...   http://t.co/3XIcUvlvlJ
484,# Christians United for # Israel ( # CUFI ): Jews should convert soon or die by armageddon https://t.co/4aRWwRZPsr # US http://t.co/mkjq9yfmp8
36,LOOOOOOL
86,"progressive greeting ! 

 in about a month student would have set their pen ablaze in the Torch Publications ' ... http://t.co/9fxpixqujt"
131,; ACCIDENT property damage ; PINER RD / HORNDALE DR
184,remember that you be go to die be the good way I know to avoid the trap of think you have something to lose . ' 課ﾒ Steve Jobs
230,@thugIauren I have myself on airplane mode by accident ? ?
62,have an awesome time visit the CFC head office the ancop site and ablaze . thank to Tita Vida for take care of we ? ?
369,U.S National Park Services Tonto National Forest : stop the Annihilation of the Salt River Wild Horse ... https://t.co/zhxua8kmae via @Change
485,( OFFICIAL VID ) & gt ; # DoubleCups & gt;&gt ; https://t.co/lfKMTZaEkk & gt;&gt ; @TrubGME Prod @THISIZBWRIGHT & gt;&gt ; # ARMAGEDDON                  .
345,Juanny Beisbol Sr . annihilate that ball . # LGM
14,there be an emergency evacuation happen now in the building across the street
74,"man wife get six year jail for set ablaze niece 
 http://t.co/eV1ahOUCZA"
219,Horrible Accident |   Man die in Wings of airplane衞(29 - 07 - 2015 ) http://t.co/wq3wjsgphl
416,@TMFK_CO sound like a terrible time . I 'll be right there .
217,Horrible Accident   Man die in Wings of airplane衞(29 - 07 - 2015 ) http://t.co/5ZRKZdhODe
394,U.S National Park Services Tonto National Forest : stop the Annihilation of the Salt River Wild Horse ... http://t.co/sb5r7shccj via @Change
392,U.S National Park Services Tonto National Forest : stop the Annihilation of the Salt River Wild Horse ... https://t.co/n6VeOjW3S8 via @Change
480,sadly how Windows 10 reveal Microsoft 's Ethics Armageddon http://t.co/sTfTjCrjEa
433,|live NOW| Princes of the apocalypse :   d&amp;d Encounters # meerkat http://t.co/oY9ES9FVlt
439,OMg zombie apocalypse among my student ... -___-
34,what a wonderful day !
255,http://t.co/Q5XTkaKM08 I'M die SEND an AMBULANCE @m__belly @brightasastar _
489,9 Charts prove Financial Crisis part 2 have BEGUN ! : the Financial Armageddon Economic Collapse Blog track tren ... http://t.co/vHCXTvCINr
15,I be afraid that the tornado be come to our area ...
340,"annihilate in DAMASCUS : SYRIAN ARMY grind 課lloosh and his gang into the MANURE PILE 
 http://t.co/7rakhP3bWm"
399,@spherulitic that almost feel like the SI sign of the apocalypse .   Lol .
323,if your nature appropriate it love will burn you until you become annihilate in your beloved ... '   https://t.co/smlwjund09
415,RT : fittscott : Minecraft- NIGHT LUCKY BLOCK MOD ( BOB APOCALYPSE WITHER 2.0 & amp ; MORE ! ) Mod Showcase Popularmmos : http://t.co/MuL1J9AEUx vi課 _
173,# WisdomWed BONUS - 5 Minute Daily Habits that could really improve your life . how many do you already do ? # lifehack http://t.co/tbm9fqb8cw
407,she be kinda hot play on the radio today . what be next ? disease to all ? the apocalypse have start everyone . be careful .
186,bo2 have by far the good competitive map imo hope bo3 be the same # invahnwetrust
83,how the West be burn : thousand of wildfire ablaze in # California alone http://t.co/iCSjGZ9tE1 # climate # energy http://t.co/9FxmN0l0Bd
456,"//im gon na beat armageddon as Hsu Hao ? ? ? ? 
 just get a flawless on my first try"
101,just get to love burn your self on a damn curling wand ... I swear someone need to take it away from I cuase I be just accident prone .
40,cooool :)
89,Rene Ablaze & amp ; Jacinta - Secret 2k13 ( Fallen Skies Edit ) - Mar 30 2013   https://t.co/7MLMsUzV1Z
123,@robynjilllian @WlSDOMTEETHS I feel like I be go to do it on accident . Teesha be gon na come out ? ?
291,@medic914 @AACE_org I be surprised we still can not standardise the clinical practice across the 11 NHS ambulance trust .
29,fuck off !
80,TRUCK ABLAZE : R21 . VOORTREKKER AVE . outside or TAMBO INTL . CARGO section . http://t.co/8kscqkfkkf
265,ambulance SPRINTER AUTOMATIC FRONTLINE VEHICLE choice of 14 LEZ COMPLIANT | eBay http://t.co/q8IVrzOJZv
483,European Fitba till Christmas   ARMAGEDDON
192,Aftershock https://t.co/38nhq9moef
329,@PhilipDuncan @breakfastone People ' annihilate by last night weather ' ... really Philip think you would have forecast that ...
343,$ GMCR no longe rGreen mountain now Red Mountain ... stock annihilate after hour
450,ouvindo Peace Love & amp ; Armageddon
242,Statistically I be at more of risk of getting kill by a cop than I be of die in an airplane accident .
344,a fun fill happy - hour at Simmons bar in Camden with this handsome one ? ? ( I got annihilate apart from this game ) http://t.co/4jno677zkv
39,love my girlfriend
233,36 year ago today baseball lose one of its great in an airplane accident . RIP Captain . # yankee @yankee http://t.co/iNKU28vjJj
388,U.S National Park Services Tonto National Forest : stop the Annihilation of the Salt River Wild Horse ... https://t.co/flcqqeznvw via @Change
218,"this be unbelievably insane . 
 # man # airport # airplane # aircraft # aeroplane # runway # accident # freaky課 _ https://t.co/cezhq7czll"
93,@nxwestmidland huge fire at Wholesale market ablaze http://t.co/rwzbfvnxer
128,FYI CAD : FYI : ; ACCIDENT property DAMAGE;NHS;999 PINER RD / HORNDALE DR
458,patent Pending Stream ' Armageddon ' EP http://t.co/BOuaJqi3Lf
251,lead emergency service boss welcome new ambulance charity http://t.co/Mj2jQ2pSv6
225,strict liability in the context of an airplane accident - http://t.co/gibyQHhKpk
302,annihilate Abs . ? ? http://t.co/1xpw292tje
52,cry out for more ! set I ablaze
366,* * * late Updates on the Salt River Wild Horse Round - up * * * https://t.co/wjscdvcevh via @Change
221,Usama bin ladin family dead in airplane crash . naturally no accident .
158,@aftershock_delo I m speak from someone that be use a scuf on xb1 most of they people will end up get on for ps also .
478,@Erker again ? ? eep ! thought of you yesterday when I see that hella scary hail . # armageddon ?
299,@marksmaponyane hey!sundown be annihilate in their previous meeting with Celtic . indeed its an improvement .
307,* to Luka * they should all die ! all of they ! everything annihilate ! - Alois Trancy
189,@JadeForMKX you should be happy I do n't use Aftershock . that variation counter your play style hard .
474,l B # Entertainment lot of 8 # BruceWillis MOVIES # dvd die HARD 1 2 12 MONKEYS ARMAGEDDON SIXTH # eBay # Auction http://t.co/CxDJApzXMP
214,mexican airplane accident in Ocampo Coahuila MX on 7/29/25 kill Coahuila government SubSecretariat Francisco Garcia Castells age 42 .
496,beyonce be my pick for http://t.co/nnMQlz91o9 Fan Army # beyhive http://t.co/o91f3cyy0r 77
136,Suffield Alberta Accident https://t.co/bPTmlF4P10
412,Julie + r be the apocalypse version of Romeo + Juliet # warmbodie
183,praise God that we have ministry that tell it like it be ! ! ! # now # wdyouth # biblestudy https://t.co/UjK0e5GBcC
245,could a drone cause an airplane accident ? pilot worried about use of drone esp . in close vicinity of airport http://t.co/kz35rgngjf #
428,also my other nephew be proof that fat baby be go to save we from the apocalypse http://t.co/N5VImOqhBG
33,love skiing
353,World Annihilation vs Self Transformation http://t.co/pyehwodWun Aliens Attack to Exterminate Humans http://t.co/pB2N77nSKz
457,@ENews Ben Affleck ...... I know there be a wife / kid and other girl but I ca n't help it . I 've love he since Armageddon # eonlinechat
375,@Whippenz we need help ! horse will die!please RT & amp ; sign petition!take a stand & amp ; be a voice for they ! # gilbert23 https://t.co/e8dl1lNCVu
349,U.S National Park Services Tonto National Forest : stop the Annihilation of the Salt River Wild Horse ... http://t.co/6LoJOoROuk via @Change
287,twelve fear kill in pakistani air ambulance helicopter crash http://t.co/th9ywbbeet # worldnew
301,@Volfan326 @TNeazzy Mizzou have annihilate florida the past 2 season even end muschamp 's career just ca n't compete with Bama
193,People who say it can not be do should not interrupt those who be do it . 課ﾒ George Bernard Shaw
379,"@incindia under Sonia Gandhi be like Pakistan . every defeat be treat like a victory . total annihilation only answer 
 http://t.co/kttyitow64"
374,RT SIGN URGENT stop the Annihilation of the Salt River Wild Horses ! ! ! # savewildhorse # saltriverhorse https://t.co/8AZjFF8eSi
387,stop the Annihilation of the Salt River Wild Horses ! ! ! https://t.co/546uttxzam via @Change
359,U.S National Park Services Tonto National Forest : stop the Annihilation of the Salt River Wild Horse ... https://t.co/latvr8rzck via @Change
72,not a diss song . People will take 1 thing and run with it . smh it be an eye opener though . he be about 2 set the game ablaze @cyhitheprynce
1,our deed be the Reason of this # earthquake may ALLAH forgive we all
82,they sky be ablaze tonight in Los Angeles . I be expect IG and FB to be fill with sunset shot if I know my peep ! !
228,"see how a judge rule in this 2009 accident at # JFK Airport ? involve Korean Air ? . 

 http://t.co/yh1cgln3rl http://t.co/6F5ShPKjOB"
333,they should all die ! all of they ! everything annihilate !
143,only have a car for not even a week and get in a fucking car accident .. Mfs ca n't fucking drive .
263,@TanSlash wait for an ambulance
327,( to Luka ) ' they should all die ! all of they ! everything annihilate ! ' - Alois Trancy -
362,new ! be soul punish with annihilation ? http://t.co/cmNV6VyFCQ
51,# previouslyondoyintv : Toke Makinwa課ｪs marriage crisis set Nigerian Twitter ablaze ... http://t.co/CMghxBa2XI
385,U.S National Park Services Tonto National Forest : stop the Annihilation of the Salt River Wild Horse ... http://t.co/k0q4fnBzss via @Change
410,I know it be a question of interpretation but this be a sign of the apocalypse .   I call it https://t.co/my8q1uWIjn
498,one direction be my pick for http://t.co/q2eBlOKeVE Fan Army # directioner http://t.co/eNCmhz6y34 x1402
239,expert in France begin examine airplane debris find on Reunion Island : french air accident expert on Wedn ...   http://t.co/kubsm16oud
449,UNIVERSAL order of ARMAGEDDON http://t.co/3tY4mGm
371,"the annihilation of Jeb Christie & amp ; Kasich be less than 24 hour away .. 
 please God allow I at least one more full day ..."
411,it be an apocalypse
278,@margaretcho call I a fag and I be go to call you an ambulance :) # rainbowpower
156,320 [ ir ] ICEMOON [ AFTERSHOCK ] | http://t.co/vam5podgyw | @djicemoon | # dubstep # TrapMusic # dnb # EDM # Dance # Ices課 _ http://t.co/zEVakJaPcz
298,Uribe just annihilate that baseball . # met
7,just got send this photo from Ruby # Alaska as smoke from # wildfires pour into a school
383,@SonofBaldwin and he be the current Nova in the bookslast I check .. he be tie into the book in 2011 after Rider die during Annihilation
20,damage to school bus on 80 in multi car crash # break
57,ablaze for you Lord :D
232,"+ Nicole Fletcher one of a victim of crashed airplane few time ago . 

 the accident leave a little bit trauma for she . although she be 

 +"
130,accident leave lane block in # manchester on Rt 293 NB before Eddy Rd stop and go traffic back to nh-3a delay of 4 min # traffic
133,FYI CAD : FYI : ; ACCIDENT property DAMAGE;WPD;1600 S 17TH ST
380,hey # AZ : sign this petition to save the # WildHorses @ # tantonationalfor ! a @rollingstone sing - a - long be in order : http://t.co/wm5l8pj2iy
55,INEC Office in Abia Set Ablaze - http://t.co/3ImaomknnA
47,@sunkxssedharry will you wear short for race ablaze ?
182,the only thing that stand between you and your dream be the will to try and the belief that it be actually possible . ' - Joel Brown
445,I like a @YouTube video http://t.co/ki1yKrs9fi Minecraft : NIGHT LUCKY BLOCK MOD ( BOB APOCALYPSE WITHER 2.0 & amp ; MORE ! ) Mod Showcase
175,that moment when you get on a scary roller coaster and the guy behind you be just scream bloody murder ? ? ? ? ? ? # silverwood # aftershock
134,8/6/2015@2:09 pm : TRAFFIC ACCIDENT no injury at 2781 WILLIS FOREMAN RD http://t.co/vckit6edev
493,* * OFFICIAL VID * * # TheReal & gt;&gt;&gt ; https://t.co/4i0Rjc9RQU & gt;&gt;&gt ; @TrubGME & gt;&gt;&gt ; # ARMAGEDDON Comin soon ! !
270,twelve fear kill in pakistani air ambulance helicopter crash http://t.co/3bRme6Sn4 t
210,expert in France begin examine airplane debris find on Reunion Island http://t.co/lsmx2vwr3j french air accident expert on Wednesday課 _
37,no way ... I ca n't eat that shit
78,Noches El - Bestia ' @Alexis_Sanchez : happy to see my teammate and train hard ? ? goodnight gunner . ? ? ? ? ? ? http://t.co/uc4j4jhvgr '
22,hey ! how be you ?
41,do you like pasta ?
338,cop pull drunk driver to safety second before his car be hit by train . http://t.co/F1BAkpNyn6衞 http://t.co/lZXwoAyE4x via @ViralSpell
198,@crobscarla your lifetime odd of die from an airplane accident be 1 in 8015 .
280,課ﾏ@LeoBlakeCarter : this dog think he be an ambulance ? ? ? ? ? ? http://t.co/MG1lpGr0RM課戞natasha_rideout
127,accident - HIT and RUN - COLD at 500 block of SE VISTA TER GRESHAM or [ Gresham Police # pg15000044357 ] 10:35 # pdx911
169,we be still live in the aftershock of Hiroshima people be still the scar of history . ' - Edward Bond http://t.co/engtl5wrgp
318,@violentfeminazi I guess that be ok for Armenians since we 've spend most of our history getting annihilate
395,U.S National Park Services Tonto National Forest : stop the Annihilation of the Salt River Wild Horse ... https://t.co/i0z3k0chgg via @Change
328,ready to get annihilate for the BUCS game
400,I like a @youtube video from @teamtwiistz http://t.co/ocurjydrcn FUTURISTIC HOUSE ( build to survive the Apocalypse ! ) - Minecraft
300,the bartender at work describe a drunk man as annihilate @kdunning1919 @hsnowberger @gabrielasmith29 . 16 more day
112,traffic accident n CABRILLO HWY / MAGELLAN av MIR ( 08/06/15 11:03:58 )
190,Aftershock https://t.co/jV8ppKhJY7
178,"& gt;&gt ; $ 15 aftershock : protect yourself and Profit in the Next Global Financial ... # # book http://t.co/f6ntuc734z 
 @esquireattire"
147,please like and share our new page for our Indoor Trampoline Park Aftershock open this fall ! ! http://t.co/ugxhherrxs
120,# TruckCrash overturn on # FortWorth Interstate http://t.co/Rs22LJ4qFp click here if you 've be in a crash&gt;http://t.co / ld0uniyw4k
5,all resident ask to ' shelter in place ' be be notify by officer . no other evacuation or shelter in place order be expect
113,i-77 Mile Marker 31 to 40 South Mooresville   Iredell Vehicle Accident Congestion at 8/6 1:18 pm
45,Awesome !
98,accident center lane block in # SantaClara on US-101 NB before Great America Pkwy # BayArea # traffic http://t.co/pmlohzurwr
249,twelve fear kill in pakistani air ambulance helicopter crash - Reuters http://t.co/mdnugvubwn # yugvani
260,if I get run over by an ambulance be I lucky ? # justsaye # randomthought
312,you must be annihilate !
187,@onfireander I love you bb
12,we be shake ... it be an earthquake
354,: StarMade : : stardate 3 : : Planetary Annihilation : : http://t.co/i2hhviumtm via @youtube
313,cop pull drunk driver to safety second before his car be hit by train . http://t.co/C0nKGp6w03衞 http://t.co/IMWmfDJSSn via @ViralSpell
320,70 year since we annihilate 100000 people instantly and become aware that we have the ability to annihilate the whole of humanity
102,# stlouis # caraccidentlawyer Speeding among Top Causes of Teen Accidents https://t.co/k4zomof319 https://t.co/S2kXVM0cBA Car accident tee課 _
491,"never compromise . not even in the face of armageddon . 
 # watchman"
168,320 [ ir ] ICEMOON [ AFTERSHOCK ] | http://t.co/e14epzhoth | @djicemoon | # dubstep # TrapMusic # dnb # EDM # Dance # ices課 _ http://t.co/22a9D5DO6q
277,http://t.co/pwwpum6rbj twelve fear kill in pakistani air ambulance helicopter crash http://t.co/yspon4d6qo
229,expert in France begin examine airplane debris find on Reunion Island : french air accident expert on Wedn ... http://t.co/v4smaeslk5
202,@rewind_music find out about you guy today(regarde the accident on the airplane lol ) & amp ; become a fan ! send love & amp ; support from cali~ ?
282,New Nanotech device will be able to Target and Destroy Blood Clots http://t.co/MnmyJXQ9go # science
264,@fouseyTUBE you ok ? need a ambulance . hahahah that be good ! http://t.co/zsberqnn9n
322,"during the 1960 the oryx a symbol of the Arabian Peninsula be annihilate by hunter . 
 http://t.co/yangeqbuqw http://t.co/jQ2eH5KGLt"
